DatasetSize,MergeSortTime,QuickSortTime
100,0.000132,0.000119
1000,0.001343,0.001250
10000,0.013542,0.010876
100000,0.140987,0.098765
